group,low,hight
total,-0.00275844765411,0.009040108459381201
1,-0.0022510111029356,0.017322890301771
0,-0.0094832578950624,0.0076472910895977
