group1,group2,N1,N2,low,high,width,obs_diff,zero_included
female,male,4650,4650,-0.011116625208803483,0.006121388199617552,0.017238013408421037,-0.0026047495093909356,True
