group1,group2,low,high,obs_diff,zero_included,width
female,male,-0.010647492652622123,0.006161461193259958,-0.002342467250129654,True,0.01680895384588208
